-- MySQL dump 10.13  Distrib 8.0.36, for Win64 (x86_64)
--
-- Host: 127.0.0.1    Database: borrowingsystem
-- ------------------------------------------------------
-- Server version	8.0.37

/*!40101 SET @OLD_CHARACTER_SET_CLIENT=@@CHARACTER_SET_CLIENT */;
/*!40101 SET @OLD_CHARACTER_SET_RESULTS=@@CHARACTER_SET_RESULTS */;
/*!40101 SET @OLD_COLLATION_CONNECTION=@@COLLATION_CONNECTION */;
/*!50503 SET NAMES utf8 */;
/*!40103 SET @OLD_TIME_ZONE=@@TIME_ZONE */;
/*!40103 SET TIME_ZONE='+00:00' */;
/*!40014 SET @OLD_UNIQUE_CHECKS=@@UNIQUE_CHECKS, UNIQUE_CHECKS=0 */;
/*!40014 SET @OLD_FOREIGN_KEY_CHECKS=@@FOREIGN_KEY_CHECKS, FOREIGN_KEY_CHECKS=0 */;
/*!40101 SET @OLD_SQL_MODE=@@SQL_MODE, SQL_MODE='NO_AUTO_VALUE_ON_ZERO' */;
/*!40111 SET @OLD_SQL_NOTES=@@SQL_NOTES, SQL_NOTES=0 */;

--
-- Table structure for table `accounts`
--

DROP TABLE IF EXISTS `accounts`;
/*!40101 SET @saved_cs_client     = @@character_set_client */;
/*!50503 SET character_set_client = utf8mb4 */;
CREATE TABLE `accounts` (
  `personID` int DEFAULT NULL,
  `accountID` int NOT NULL AUTO_INCREMENT,
  `username` varchar(255) DEFAULT NULL,
  `password_` varchar(255) DEFAULT NULL,
  `position` varchar(255) DEFAULT NULL,
  PRIMARY KEY (`accountID`),
  KEY `Accounts_ibfk_1` (`personID`),
  CONSTRAINT `Accounts_ibfk_1` FOREIGN KEY (`personID`) REFERENCES `person` (`personID`) ON DELETE CASCADE ON UPDATE CASCADE
) ENGINE=InnoDB AUTO_INCREMENT=3 DEFAULT CHARSET=latin1;
/*!40101 SET character_set_client = @saved_cs_client */;

--
-- Dumping data for table `accounts`
--

LOCK TABLES `accounts` WRITE;
/*!40000 ALTER TABLE `accounts` DISABLE KEYS */;
INSERT INTO `accounts` VALUES (1,1,'johnalyn.figueras','cpe2024','Admin'),(2,2,'staff1','staff1','Staff');
/*!40000 ALTER TABLE `accounts` ENABLE KEYS */;
UNLOCK TABLES;

--
-- Table structure for table `addcart`
--

DROP TABLE IF EXISTS `addcart`;
/*!40101 SET @saved_cs_client     = @@character_set_client */;
/*!50503 SET character_set_client = utf8mb4 */;
CREATE TABLE `addcart` (
  `cartID` int NOT NULL AUTO_INCREMENT,
  `studentID` varchar(255) DEFAULT NULL,
  `instructorID` varchar(255) DEFAULT NULL,
  `accountID` int DEFAULT NULL,
  `partID` int DEFAULT NULL,
  `quantity` int DEFAULT NULL,
  `orderdate` date DEFAULT NULL,
  `ordertime` time DEFAULT NULL,
  `status_` varchar(255) DEFAULT NULL,
  PRIMARY KEY (`cartID`),
  KEY `AddCart_ibfk_1` (`studentID`),
  KEY `AddCart_ibfk_2` (`instructorID`),
  KEY `AddCart_ibfk_3` (`accountID`),
  KEY `AddCart_ibfk_4_idx` (`partID`),
  CONSTRAINT `AddCart_ibfk_1` FOREIGN KEY (`studentID`) REFERENCES `student` (`studentID`) ON DELETE CASCADE ON UPDATE CASCADE,
  CONSTRAINT `AddCart_ibfk_2` FOREIGN KEY (`instructorID`) REFERENCES `instructor` (`instructorID`) ON DELETE CASCADE ON UPDATE CASCADE,
  CONSTRAINT `AddCart_ibfk_3` FOREIGN KEY (`accountID`) REFERENCES `accounts` (`accountID`) ON DELETE CASCADE ON UPDATE CASCADE,
  CONSTRAINT `AddCart_ibfk_4` FOREIGN KEY (`partID`) REFERENCES `part` (`partID`) ON DELETE CASCADE ON UPDATE CASCADE
) ENGINE=InnoDB DEFAULT CHARSET=latin1;
/*!40101 SET character_set_client = @saved_cs_client */;

--
-- Dumping data for table `addcart`
--

LOCK TABLES `addcart` WRITE;
/*!40000 ALTER TABLE `addcart` DISABLE KEYS */;
/*!40000 ALTER TABLE `addcart` ENABLE KEYS */;
UNLOCK TABLES;

--
-- Table structure for table `course`
--

DROP TABLE IF EXISTS `course`;
/*!40101 SET @saved_cs_client     = @@character_set_client */;
/*!50503 SET character_set_client = utf8mb4 */;
CREATE TABLE `course` (
  `courseID` varchar(255) NOT NULL DEFAULT '',
  `coursename` varchar(255) DEFAULT NULL,
  PRIMARY KEY (`courseID`)
) ENGINE=InnoDB DEFAULT CHARSET=latin1;
/*!40101 SET character_set_client = @saved_cs_client */;

--
-- Dumping data for table `course`
--

LOCK TABLES `course` WRITE;
/*!40000 ALTER TABLE `course` DISABLE KEYS */;
/*!40000 ALTER TABLE `course` ENABLE KEYS */;
UNLOCK TABLES;

--
-- Table structure for table `coursetime`
--

DROP TABLE IF EXISTS `coursetime`;
/*!40101 SET @saved_cs_client     = @@character_set_client */;
/*!50503 SET character_set_client = utf8mb4 */;
CREATE TABLE `coursetime` (
  `coursetimeID` int NOT NULL AUTO_INCREMENT,
  `courseID` varchar(45) DEFAULT NULL,
  `instructorID` varchar(45) DEFAULT NULL,
  `startTime` time DEFAULT NULL,
  `endTime` time DEFAULT NULL,
  `section` varchar(45) DEFAULT NULL,
  PRIMARY KEY (`coursetimeID`),
  KEY `courseID_idx` (`courseID`),
  KEY `instructorID_idx` (`instructorID`),
  CONSTRAINT `courseID` FOREIGN KEY (`courseID`) REFERENCES `course` (`courseID`) ON DELETE CASCADE ON UPDATE CASCADE,
  CONSTRAINT `instructorID` FOREIGN KEY (`instructorID`) REFERENCES `instructor` (`instructorID`) ON DELETE CASCADE ON UPDATE CASCADE
) ENGINE=InnoDB DEFAULT CHARSET=latin1;
/*!40101 SET character_set_client = @saved_cs_client */;

--
-- Dumping data for table `coursetime`
--

LOCK TABLES `coursetime` WRITE;
/*!40000 ALTER TABLE `coursetime` DISABLE KEYS */;
/*!40000 ALTER TABLE `coursetime` ENABLE KEYS */;
UNLOCK TABLES;

--
-- Table structure for table `instructor`
--

DROP TABLE IF EXISTS `instructor`;
/*!40101 SET @saved_cs_client     = @@character_set_client */;
/*!50503 SET character_set_client = utf8mb4 */;
CREATE TABLE `instructor` (
  `instructorID` varchar(255) NOT NULL DEFAULT '',
  `personID` int DEFAULT NULL,
  PRIMARY KEY (`instructorID`),
  KEY `Instructor_ibfk_1` (`personID`),
  CONSTRAINT `Instructor_ibfk_1` FOREIGN KEY (`personID`) REFERENCES `person` (`personID`) ON DELETE CASCADE ON UPDATE CASCADE
) ENGINE=InnoDB DEFAULT CHARSET=latin1;
/*!40101 SET character_set_client = @saved_cs_client */;

--
-- Dumping data for table `instructor`
--

LOCK TABLES `instructor` WRITE;
/*!40000 ALTER TABLE `instructor` DISABLE KEYS */;
/*!40000 ALTER TABLE `instructor` ENABLE KEYS */;
UNLOCK TABLES;

--
-- Table structure for table `part`
--

DROP TABLE IF EXISTS `part`;
/*!40101 SET @saved_cs_client     = @@character_set_client */;
/*!50503 SET character_set_client = utf8mb4 */;
CREATE TABLE `part` (
  `productID` int DEFAULT NULL,
  `partID` int NOT NULL AUTO_INCREMENT,
  `partname` varchar(255) DEFAULT NULL,
  `partdescription` varchar(255) DEFAULT NULL,
  `quantity` int DEFAULT NULL,
  `defective` int DEFAULT NULL,
  PRIMARY KEY (`partID`),
  KEY `Part_ibfk_1` (`productID`),
  CONSTRAINT `Part_ibfk_1` FOREIGN KEY (`productID`) REFERENCES `product` (`productID`) ON DELETE CASCADE ON UPDATE CASCADE
) ENGINE=InnoDB AUTO_INCREMENT=208 DEFAULT CHARSET=latin1;
/*!40101 SET character_set_client = @saved_cs_client */;

--
-- Dumping data for table `part`
--

LOCK TABLES `part` WRITE;
/*!40000 ALTER TABLE `part` DISABLE KEYS */;
INSERT INTO `part` VALUES (0,1,'7400','QUAD 2-INPUT AND GATES',83,0),(0,2,'7401','QUADRAPLE 2-INPUT POSITIVE NAND GATES WITH OPEN COLLECTOR OUTPUTS',78,0),(0,3,'7402','QUAD 2-INPUT NOR GATES',42,0),(0,4,'7403','QUAD 2-INPUT NAND GATES WITH OPEN COLLECTOR OUPUTS',81,0),(0,5,'7404','HEX INVERTER NOT GATES',60,0),(0,6,'7406','HEX INVERTER BUFFERS/DRIVERS WITH OPEN-COLLECTOR HIGH-VOLTAGE OUTPUTS',18,0),(0,7,'7408','QUAD 2-INPUT AND GATES',78,0),(0,8,'7410','TRIPLE 3-INPUT NAND GATES',78,0),(0,9,'7414','HEX INVERTERS WITH SCHMITT TRIGGER',25,0),(0,10,'7420','DUAL 4-INPUT NAND GATES',60,0),(0,11,'7432','QUAD 2-INPUT OR GATES',48,0),(0,12,'7442','BCD/DECIMAL DECODERS',78,0),(0,13,'7447','BCD TO 7-SEGMENT DECODER/DRIVER (LOW=ON)',69,0),(0,14,'7448','BCD TO 7-SEGMENT DECODER/DRIVER',65,0),(0,15,'7474','DUAL POSITIVE-EDGE-TRIGGERED D FLIP-FLOPS WITH PRESET CLEAR AND COMPLEMENTARY OUTPUTS',75,0),(0,16,'7475','4-BIT BISTABLE LATCHES',85,0),(0,17,'7476','DUAL JK LEVEL-TRIGGERED FLIP-FLOP (WITH PRESET AND PRECLEAR)',55,0),(0,18,'7483','4-BIT BINARY ADDRESS WITH FAST CARRY',57,0),(0,19,'7485','4-BIT MAGNITUDE COMPARATORS',105,0),(0,20,'7486','QUAD 2-INPUT EXCLUSIVE-OR GATES',36,0),(0,21,'7490','DECADE AND BINARY COUNTERS',119,0),(0,22,'7492','DIVIDE-BY-TWELVE AND BINARY COUNTERS',104,0),(0,23,'7493','DECADE AND BINARY COUNTERS',74,0),(0,24,'7495','4-BIT SHIFT REGISTER',85,0),(0,25,'74122','RETRIGGERABLE ONE-SHOT WITH CLEAR AND COMPLEMENTARY OUTPUTS',55,0),(0,26,'74125','QUAD TRI-STATE BUFFERS',38,0),(0,27,'74126','QUAD TRI-STATE BUFFERS',30,0),(0,28,'74138','DECODERS/DEMULTIPLEXERS',95,0),(0,29,'74139','DECODERS/DEMULTIPLEXERS',62,0),(0,30,'74147','10-LINE TO 4-LINE AND 8-LINE TO 3-LINE PRIORITY ENCODERS',67,0),(0,31,'74151','DATA SELECTOR/MULTIPLEXERS',78,0),(0,32,'74153','DUAL 4-LINE TO 1-LINE DATA SELECTOR/MULTIPLEXER',77,0),(0,33,'74154','4-LINE TO 16-LINE DECODERS/DEMULTIPLEXERS',81,0),(0,34,'74155','DUAL 2-LINE TO 4-LINE DECODERS/DEMULTIPLEXERS',80,0),(0,35,'74157','QUAD 2-LINE TO 1-LINE DATA SELECTORS/MULTIPLEXERS',79,0),(0,36,'74158','QUAD 2-LINE TO 1-LINE DATA SELECTORS/MULTIPLEXERS',71,0),(0,37,'74164','8-BIT SERIAL IN/PARALLEL OUT SHIFT REGISTERS',65,0),(0,38,'74174','HEX/QUAD D FLIP-FLOP WITH CLEAR',37,0),(0,39,'74175','HEX/QUAD D FLIP-FLOP WITH CLEAR',25,0),(0,40,'74191','SYNCHRONOUS 4-BIT UP/DOWN COUNTERS WITH MODE CONTROL',78,0),(0,41,'74192','SYNCHRONOUS 4-BIT UP/DOWN COUNTERS (DUAL CLOCK WITH CLEAR)',44,0),(0,42,'74193','SYNCHRONOUS 4-BIT UP/DOWN COUNTERS WITH DUAL CLOCK WITH CLEAR',108,0),(0,43,'74194','4-BIT BIDIRECTIONAL UNIVERSAL SHIFT REGISTER',24,0),(0,44,'74221','DUAL NON-RETRIGGERABLE ONE-SHOT WITH CLEAR AND COMPLIMENTARY OUTPUTS/SCHMITT TRIGGER',30,0),(0,45,'74240','OCTAL TRI-STATE BUFFERS / LINE DRIVERS / LINE RECEIVERS',2,0),(0,46,'74241','12 AND 14-BIT HYBRID SYNCHRO/RESOLVER-TO-DIGITAL',50,0),(0,47,'74242','QUADRAPLE BUS TRANSCEIVERS',7,0),(0,48,'74243','QUADRAPLE BUS TRANSCEIVERS',11,0),(0,49,'74244','OCTAL TRI-STATE BUFFERS / LINE DRIVERS / LINE RECEIVERS',32,0),(0,50,'74245','3-STATE OCTAL BUS TRANSCEIVER',49,0),(0,51,'74259','8-BIT ADDRESSABLE LATCHES',38,0),(0,52,'74279','QUAD S-R LATCHES',31,0),(0,53,'74367','HEX BUS DRIVERS WITH 3-STATE OUTPUTS',4,0),(0,54,'74373','3 STATE OCTAL D-TYPE TRANSPARENT LATCHES AND DEGE TRIGGERED FLIPFLOPS',85,0),(0,55,'74375','4-BIT LATCHES',10,0),(0,56,'74472','SHIELDED SURFACE MOUNT INDUCTORS',0,0),(0,57,'74595','STMicroelectronics 8-BIT SHIFT REGISTER WITH OUTPUT LATCHES 3 STATE',11,0),(0,58,'MAX3232','3V OT 5.5V MULTICHANNEL RS-232 LINE DRIVER/RECEIVER WITH 15kV ESD PROTECTION',0,0),(0,59,'MAX232N','DUAL ELA-232 DRIVERS/RECIEVERS',16,0),(0,60,'TC4001(CMOS)','QUAD 2 INPUT NOR  GATE',46,0),(0,61,'555 TIMER','TIMING CIRCUIT',72,0),(0,62,'ULN2003','HIGH VOLTAGE HIGH CURRENT DARLINGTON ARRAYS',51,0),(0,63,'MOC3041','OPTICALLY COUPLED BILATERAL SWITCH LIGHT ACTIVATED',33,0),(1,64,'SCR (S4006LS3)','SENSITIVE SCRs (0.8A TO 10 A)',66,0),(1,65,'TRAIC (Q4004L4)','TRIACS (0.8A TO 35A)',36,0),(1,66,'SCR (S4003LS3)','SCRs 1-70 AMPS SENSITIVE GATE',7,0),(1,67,'SCR(2N506)','SCRs (SILICON CONTROLLED RECTIFIERS)',23,0),(1,68,'C9012','EPITAXIAL PLANAR PNP TRANSISTOR (GENERAL PURPOSE SWITCHING)',51,0),(1,69,'PN100/C9013','NPN GENERAL PURPOSE AMPLIFIER',32,0),(1,70,'PN200','PNP GENERAL PURPOSE AMPLIFIER',118,0),(1,71,'TIP31','POWER TRANSISTORS(3A 40-100V 40W) SILICON POWER TRANSISTORS',28,0),(2,72,'FUSE 0.5A(S)','FUSE',23,0),(2,73,'FUSE 15A(L)','FUSE',10,0),(2,74,'FUSE 0.5A(L)','FUSE',29,0),(2,75,'17812P','REGULATOR POSTIVE',8,0),(3,76,'LF353','JFET INPUT OPERATIONAL AMPLIFIER',10,0),(3,77,'LM324','QUADRUPLE OPERATIONAL AMPLIFIERS',8,0),(3,78,'L293NEE4','QUADRAPLE HALF-H DRIVERS',33,0),(3,79,'LM741','SINGLE OPERATIONAL AMPLIFIER',20,0),(3,80,'LM339','QUAD SINGLE SUPPLY COMPARATORS',16,0),(4,81,'PC17T1','GALLIUM ARSENIDE INFRARED EMITTING - PHOTOCOUPLER',0,0),(4,82,'PC817','PHOTOCOUPLER',0,0),(5,83,'LDR','LIGHT DEPENDENT RESISTOR',30,0),(5,84,'PHOTOTRANSISTOR','PHOTOTRANSISTOR',19,0),(5,85,'INFRARED','INFRARED',0,0),(5,86,'PHOTODIODE ON SENSOR 2 PINS','SENSOR',20,0),(5,87,'MIC','ACOUSTIC-TO-ELECTRIC TRANSDUCER OR SENSOR',4,0),(5,88,'PHOTODIODE','PHOTODETECTOR',187,0),(5,89,'THERMISTOR','THERMISTOR DSB',0,0),(5,90,'THERMISTOR','THERMISTOR EIBI',0,0),(5,91,'LM35DZ','No description',25,0),(6,92,'LM7905','3-TERMINAL 1A NEGATIVE VOLTAGE REGULATOR',0,0),(6,93,'LM320','SERIES 3-TERMINAL NEGATIVE REGULAR',6,0),(6,94,'LM317T','VARIABLE VOLTAGE REGULATOR',16,0),(6,95,'AN7805','3-PIN POSITIVE OUTPUT VOLTAGE REGULATOR',17,0),(7,96,'LED (RED)','LIGHT EMITTING DIODE',7,0),(7,97,'LED (ORANGE)','LIGHT EMITTING DIODE',37,0),(7,98,'LED (YELLOW)','LIGHT EMITTING DIODE',19,0),(7,99,'LED (GREEN)','LIGHT EMITTING DIODE',65,0),(7,100,'LED (WHITE) (DUAL OUTPUT RED AND YELLOW)','LIGHT EMITTING DIODE',48,0),(8,101,'DAC0830LCN','DOUBLE-BUFFERED D TO A CONVERTERS',10,0),(8,102,'ADC0804','8-BIT MICROPROCESSOR-COMPATIBLE A/D. CONVERTERS',6,0),(8,103,'LM331','PRECESION VOLTAGE-TO-FREQUENCY CONVERTERS',5,0),(9,104,'GT32 DIAC','DIAC (TRIGGER DIODE) 32V 2A 150mW',54,0),(9,105,'Zener IN4733','No description',11,0),(9,106,'ZENER 1/2 W 6.2V','No description',6,0),(9,107,'ZENER 1/2 W 6V','No description',1,0),(9,108,'SILICON DIODE','No description',0,0),(9,109,'GERMANIUM DIODE','GERMANIUM DIODE',80,0),(10,110,'7 SEGMENT','7 SEGMENT COMMON CATHODE (SINGLE) (SMALL)',34,0),(10,111,'7 SEGMENT','7 SEGMENT COMMON ANODE (SINGLE) (SMALL)',35,0),(10,112,'16 SEGMENT','16 SEGMENT COMMON CATHODE (SINGLE)',16,0),(10,113,'16 SEGMENT','16 SEGMENT COMMON CATHODE (DUAL)',33,0),(10,114,'7 SEGMENT','COMMON CATHODE (DUAL) (SMALL)',15,0),(11,115,'RELAY 12V','CHANGE-OVER RELAY 12V',5,0),(11,116,'RELAY 6V','CHANGE-OVER RELAY 12V',84,0),(12,117,'TACK SWITCH','TACK SWITCH',51,0),(12,118,'MAGNETIC REED SWITCH','MAGNETIC REED SWITCH',22,0),(12,119,'WIRE WOUND 5W 5J 5OHMS','WIRE WOUND 5W 5J 5 OHMS',26,0),(12,120,'OPTICAL INTERRUPTER','PHOTOTRANSISTOR OPTICAL INTERRUPTER SWITCH',26,0),(12,121,'SLIDE SWITCH','SLIDE SWITCH',4,0),(12,122,'LIMIT SWITCH','LIMIT SWITCH',136,0),(12,123,'DIP SWITCH','DIP SWITCH',29,0),(13,124,'PIC16F877','PIC MICROCONTROLLER',7,0),(14,125,'TRIMMER 100K OHMS','TRIMMER',0,0),(14,126,'TRIMMER 10K OHMS','TRIMMER',0,0),(15,127,'500K OHM','POTENTIOMETER',48,0),(15,128,'250K OHM','POTENTIOMETER',46,0),(15,129,'100K OHM','POTENTIOMETER',21,0),(15,130,'10K OHM','POTENTIOMETER',2,0),(15,131,'5K OHM','POTENTIOMETER',14,0),(16,132,'10 OHM','METAL FILM RESISTOR',129,0),(16,133,'100 OHM','METAL FILM RESISTOR',107,0),(16,134,'150 OHM','METAL FILM RESISTOR',301,0),(16,135,'1K OHM','METAL FILM RESISTOR',66,0),(16,136,'1.5K OHM','METAL FILM RESISTOR',240,0),(16,137,'1.8K OHM','METAL FILM RESISTOR',95,0),(16,138,'10K OHM','METAL FILM RESISTOR',38,0),(16,139,'100K OHM','METAL FILM RESISTOR',106,0),(16,140,'200 OHM','METAL FILM RESISTOR',71,0),(16,141,'220 OHM','METAL FILM RESISTOR',46,0),(16,142,'2K OHM','METAL FILM RESISTOR',130,0),(16,143,'2.2K OHM','METAL FILM RESISTOR',171,0),(16,144,'20K OHM','METAL FILM RESISTOR',94,0),(16,145,'22K OHM','METAL FILM RESISTOR',112,0),(16,146,'220K OHM','METAL FILM RESISTOR',85,0),(16,147,'330 OHM','METAL FILM RESISTOR',109,0),(16,148,'3.3K OHM','METAL FILM RESISTOR',92,0),(16,149,'33K OHM','METAL FILM RESISTOR',193,0),(16,150,'330K OHM','METAL FILM RESISTOR',144,0),(16,151,'390K OHM','METAL FILM RESISTOR',53,0),(16,152,'4.7 OHM','METAL FILM RESISTOR',0,0),(16,153,'470 OHM','METAL FILM RESISTOR',153,0),(16,154,'4.7K OHM','METAL FILM RESISTOR',104,0),(16,155,'47K OHM','METAL FILM RESISTOR',119,0),(16,156,'470K OHM','METAL FILM RESISTOR',164,0),(16,157,'50 OHM','METAL FILM RESISTOR',195,0),(16,158,'500 OHM','METAL FILM RESISTOR',90,0),(16,159,'560 OHM','METAL FILM RESISTOR',148,0),(16,160,'560K OHM','METAL FILM RESISTOR',83,0),(16,161,'5K OHM','METAL FILM RESISTOR',119,0),(16,162,'1M OHM','METAL FILM RESISTOR',84,0),(16,163,'12 OHM','METAL FILM RESISTOR',10,0),(16,164,'1.3K OHM','METAL FILM RESISTOR',8,0),(17,165,'STEPPER MOTOR','STEPPER MOTOR',0,0),(18,166,'BUlB','BULB',20,0),(18,167,'BATTERY','AA ENERGIZER',0,0),(18,168,'BATTERY','9VOLTS',0,0),(18,169,'BATTERY','AAA ENERGIZER',0,0),(19,170,'103','0.015mF MYLAR CAPACITOR',23,0),(19,171,'203','0.02mF MYLAR CAPACITOR',74,0),(19,172,'503','0.05mF MYLAR CAPACITOR',135,0),(19,173,'104','0.1mF MYLAR CAPACITOR',151,0),(19,174,'224','0.220mF MYLAR CAPACITOR',95,0),(19,175,'204','0.2mF MYLAR CAPACITOR',15,0),(19,176,'504','0.5mF MYLAR CAPACITOR',87,0),(20,177,'0.001','1mF CERAMIC CAPACITOR',25,0),(20,178,'0.005','5mF CERAMIC CAPACITOR',31,0),(20,179,'0.055','50mF CERAMIC CAPACITOR',45,0),(20,180,'100','10mF CERAMIC CAPACITOR',13,0),(20,181,'101','100mF CERAMIC CAPACITOR',45,0),(20,182,'102','0.001mF CERAMIC CAPACITOR',12,0),(20,183,'103','0.01mF CERAMIC CAPACITOR',47,0),(20,184,'104','0.1mF CERAMICI CAPACITOR',12,0),(20,185,'150','15pF CERAMIC CAPACITOR',7,0),(20,186,'151','150pF CERAMIC CAPACITOR',45,0),(20,187,'500','50pF CERAMIC CAPACITOR',14,0),(20,188,'501','50pF CERAMIC CAPACITOR',9,0),(21,189,'0.1uF','50V',19,0),(21,190,'1000uF','No description',14,0),(21,191,'100uF','No description',42,0),(21,192,'10uF','16V  25V  50V 12V 10V 35V',107,0),(21,193,'1500uF','No description',47,0),(21,194,'1uF','10V 12V 35V 25V',98,0),(21,195,'1uF','50V 16V',138,0),(21,196,'2.2uF','No description',147,0),(21,197,'220uF','220V 10V',11,0),(21,198,'22uF','16V 10V 25V',48,0),(21,199,'3.3uF','No description',35,0),(21,200,'3.3uF','50V 12V 25V 16V 10V 35V',45,0),(21,201,'330uF','No description',0,0),(21,202,'330uF','10V',1,0),(21,203,'33uF','16V 12V 6.3V 50V 10V',70,0),(21,204,'4.7uF','10V 12V 25V 16V',49,0),(21,205,'470uF','16V 10V',22,0),(21,206,'47uF','10V 12V 16V 50V',49,0),(21,207,'2200uF','No description',47,0);
/*!40000 ALTER TABLE `part` ENABLE KEYS */;
UNLOCK TABLES;

--
-- Table structure for table `person`
--

DROP TABLE IF EXISTS `person`;
/*!40101 SET @saved_cs_client     = @@character_set_client */;
/*!50503 SET character_set_client = utf8mb4 */;
CREATE TABLE `person` (
  `personID` int NOT NULL AUTO_INCREMENT,
  `firstname` varchar(255) DEFAULT NULL,
  `middleinitial` varchar(255) DEFAULT NULL,
  `lastname` varchar(255) DEFAULT NULL,
  PRIMARY KEY (`personID`)
) ENGINE=InnoDB AUTO_INCREMENT=3 DEFAULT CHARSET=latin1;
/*!40101 SET character_set_client = @saved_cs_client */;

--
-- Dumping data for table `person`
--

LOCK TABLES `person` WRITE;
/*!40000 ALTER TABLE `person` DISABLE KEYS */;
INSERT INTO `person` VALUES (1,'Johnalyn','L','Figueras'),(2,'Staff1','S','Staff1');
/*!40000 ALTER TABLE `person` ENABLE KEYS */;
UNLOCK TABLES;

--
-- Table structure for table `product`
--

DROP TABLE IF EXISTS `product`;
/*!40101 SET @saved_cs_client     = @@character_set_client */;
/*!50503 SET character_set_client = utf8mb4 */;
CREATE TABLE `product` (
  `productID` int NOT NULL AUTO_INCREMENT,
  `productname` varchar(255) DEFAULT NULL,
  PRIMARY KEY (`productID`)
) ENGINE=InnoDB AUTO_INCREMENT=24 DEFAULT CHARSET=latin1;
/*!40101 SET character_set_client = @saved_cs_client */;

--
-- Dumping data for table `product`
--

LOCK TABLES `product` WRITE;
/*!40000 ALTER TABLE `product` DISABLE KEYS */;
INSERT INTO `product` VALUES (0,'IC'),(1,'TRANSISTORS'),(2,'FUSE'),(3,'OPERATION AMPLIFIERS'),(4,'OPTOCOUPLERS'),(5,'SENSORS'),(6,'VOLTAGE REGULATORS'),(7,'LED'),(8,'VOLTAGE CONVERTERS'),(9,'DIODES'),(10,'7-SEGMENT DISPLAY'),(11,'RELAY SWITCH'),(12,'SWITCHES'),(13,'MICROCONTROLLERS'),(14,'VARIABLE RESISTORS'),(15,'VARIABLE RESISTOR ( POTENTIOMETER)'),(16,'RESISTORS'),(17,'MOTORS'),(18,'OTHER CONSUMABLES'),(19,'CAPACITOR MYLAR'),(20,'CAPACITOR CERAMIC'),(21,'CAPACITOR ELECTROLYTIC');
/*!40000 ALTER TABLE `product` ENABLE KEYS */;
UNLOCK TABLES;

--
-- Table structure for table `student`
--

DROP TABLE IF EXISTS `student`;
/*!40101 SET @saved_cs_client     = @@character_set_client */;
/*!50503 SET character_set_client = utf8mb4 */;
CREATE TABLE `student` (
  `personID` int DEFAULT NULL,
  `studentID` varchar(255) NOT NULL DEFAULT '',
  `program` varchar(255) DEFAULT NULL,
  `yearlevel` int DEFAULT NULL,
  PRIMARY KEY (`studentID`),
  KEY `Student_ibfk_1` (`personID`),
  CONSTRAINT `Student_ibfk_1` FOREIGN KEY (`personID`) REFERENCES `person` (`personID`) ON DELETE CASCADE ON UPDATE CASCADE
) ENGINE=InnoDB DEFAULT CHARSET=latin1;
/*!40101 SET character_set_client = @saved_cs_client */;

--
-- Dumping data for table `student`
--

LOCK TABLES `student` WRITE;
/*!40000 ALTER TABLE `student` DISABLE KEYS */;
/*!40000 ALTER TABLE `student` ENABLE KEYS */;
UNLOCK TABLES;

--
-- Table structure for table `transactionlogs`
--

DROP TABLE IF EXISTS `transactionlogs`;
/*!40101 SET @saved_cs_client     = @@character_set_client */;
/*!50503 SET character_set_client = utf8mb4 */;
CREATE TABLE `transactionlogs` (
  `transactionlogID` int NOT NULL AUTO_INCREMENT,
  `transactionID` int DEFAULT NULL,
  `returndate` date DEFAULT NULL,
  `returntime` time DEFAULT NULL,
  `notes` varchar(255) DEFAULT NULL,
  `receiverID` int DEFAULT NULL,
  `releaserID` int DEFAULT NULL,
  PRIMARY KEY (`transactionlogID`),
  KEY `TransactionLogs_ibfk_1` (`transactionID`),
  KEY `TransactionLogs_ibfk_2` (`receiverID`),
  KEY `TransactionLogs_ibfk_3` (`releaserID`),
  CONSTRAINT `TransactionLogs_ibfk_1` FOREIGN KEY (`transactionID`) REFERENCES `transactions` (`transactionID`) ON DELETE CASCADE ON UPDATE CASCADE,
  CONSTRAINT `TransactionLogs_ibfk_2` FOREIGN KEY (`receiverID`) REFERENCES `accounts` (`accountID`) ON DELETE CASCADE ON UPDATE CASCADE,
  CONSTRAINT `TransactionLogs_ibfk_3` FOREIGN KEY (`releaserID`) REFERENCES `accounts` (`accountID`) ON DELETE CASCADE ON UPDATE CASCADE
) ENGINE=InnoDB DEFAULT CHARSET=latin1;
/*!40101 SET character_set_client = @saved_cs_client */;

--
-- Dumping data for table `transactionlogs`
--

LOCK TABLES `transactionlogs` WRITE;
/*!40000 ALTER TABLE `transactionlogs` DISABLE KEYS */;
/*!40000 ALTER TABLE `transactionlogs` ENABLE KEYS */;
UNLOCK TABLES;

--
-- Table structure for table `transactions`
--

DROP TABLE IF EXISTS `transactions`;
/*!40101 SET @saved_cs_client     = @@character_set_client */;
/*!50503 SET character_set_client = utf8mb4 */;
CREATE TABLE `transactions` (
  `transactionID` int NOT NULL AUTO_INCREMENT,
  `studentID` varchar(255) DEFAULT NULL,
  `instructorID` varchar(255) DEFAULT NULL,
  `accountID` int DEFAULT NULL,
  `partID` int DEFAULT NULL,
  `quantity` int DEFAULT NULL,
  `orderdate` date DEFAULT NULL,
  `ordertime` time DEFAULT NULL,
  `status_` varchar(255) DEFAULT NULL,
  PRIMARY KEY (`transactionID`),
  KEY `Transactions_ibfk_1` (`studentID`),
  KEY `Transactions_ibfk_2` (`instructorID`),
  KEY `Transactions_ibfk_3` (`accountID`),
  KEY `Transactions_ibfk_4_idx` (`partID`),
  CONSTRAINT `Transactions_ibfk_1` FOREIGN KEY (`studentID`) REFERENCES `student` (`studentID`) ON DELETE CASCADE ON UPDATE CASCADE,
  CONSTRAINT `Transactions_ibfk_2` FOREIGN KEY (`instructorID`) REFERENCES `instructor` (`instructorID`) ON DELETE CASCADE ON UPDATE CASCADE,
  CONSTRAINT `Transactions_ibfk_3` FOREIGN KEY (`accountID`) REFERENCES `accounts` (`accountID`) ON DELETE CASCADE ON UPDATE CASCADE,
  CONSTRAINT `Transactions_ibfk_4` FOREIGN KEY (`partID`) REFERENCES `part` (`partID`) ON DELETE CASCADE ON UPDATE CASCADE
) ENGINE=InnoDB DEFAULT CHARSET=latin1;
/*!40101 SET character_set_client = @saved_cs_client */;

--
-- Dumping data for table `transactions`
--

LOCK TABLES `transactions` WRITE;
/*!40000 ALTER TABLE `transactions` DISABLE KEYS */;
/*!40000 ALTER TABLE `transactions` ENABLE KEYS */;
UNLOCK TABLES;
/*!40103 SET TIME_ZONE=@OLD_TIME_ZONE */;

/*!40101 SET SQL_MODE=@OLD_SQL_MODE */;
/*!40014 SET FOREIGN_KEY_CHECKS=@OLD_FOREIGN_KEY_CHECKS */;
/*!40014 SET UNIQUE_CHECKS=@OLD_UNIQUE_CHECKS */;
/*!40101 SET CHARACTER_SET_CLIENT=@OLD_CHARACTER_SET_CLIENT */;
/*!40101 SET CHARACTER_SET_RESULTS=@OLD_CHARACTER_SET_RESULTS */;
/*!40101 SET COLLATION_CONNECTION=@OLD_COLLATION_CONNECTION */;
/*!40111 SET SQL_NOTES=@OLD_SQL_NOTES */;

-- Dump completed on 2024-05-28 18:32:13
