-- MySQL dump 10.13  Distrib 8.0.36, for Win64 (x86_64)
--
-- Host: sql6.freemysqlhosting.net    Database: sql6690575
-- ------------------------------------------------------
-- Server version	5.5.62-0ubuntu0.14.04.1

/*!40101 SET @OLD_CHARACTER_SET_CLIENT=@@CHARACTER_SET_CLIENT */;
/*!40101 SET @OLD_CHARACTER_SET_RESULTS=@@CHARACTER_SET_RESULTS */;
/*!40101 SET @OLD_COLLATION_CONNECTION=@@COLLATION_CONNECTION */;
/*!50503 SET NAMES utf8 */;
/*!40103 SET @OLD_TIME_ZONE=@@TIME_ZONE */;
/*!40103 SET TIME_ZONE='+00:00' */;
/*!40014 SET @OLD_UNIQUE_CHECKS=@@UNIQUE_CHECKS, UNIQUE_CHECKS=0 */;
/*!40014 SET @OLD_FOREIGN_KEY_CHECKS=@@FOREIGN_KEY_CHECKS, FOREIGN_KEY_CHECKS=0 */;
/*!40101 SET @OLD_SQL_MODE=@@SQL_MODE, SQL_MODE='NO_AUTO_VALUE_ON_ZERO' */;
/*!40111 SET @OLD_SQL_NOTES=@@SQL_NOTES, SQL_NOTES=0 */;

--
-- Table structure for table `Accounts`
--

DROP TABLE IF EXISTS `Accounts`;
/*!40101 SET @saved_cs_client     = @@character_set_client */;
/*!50503 SET character_set_client = utf8mb4 */;
CREATE TABLE `Accounts` (
  `personID` int(11) DEFAULT NULL,
  `accountID` int(11) NOT NULL AUTO_INCREMENT,
  `username` varchar(255) DEFAULT NULL,
  `password_` varchar(255) DEFAULT NULL,
  `position` varchar(255) DEFAULT NULL,
  PRIMARY KEY (`accountID`),
  KEY `Accounts_ibfk_1` (`personID`),
  CONSTRAINT `Accounts_ibfk_1` FOREIGN KEY (`personID`) REFERENCES `Person` (`personID`) ON DELETE CASCADE ON UPDATE CASCADE
) ENGINE=InnoDB AUTO_INCREMENT=19 DEFAULT CHARSET=latin1;
/*!40101 SET character_set_client = @saved_cs_client */;

--
-- Dumping data for table `Accounts`
--

LOCK TABLES `Accounts` WRITE;
/*!40000 ALTER TABLE `Accounts` DISABLE KEYS */;
INSERT INTO `Accounts` VALUES (3,0,'keneth.klein','kklein','Admin'),(1,1,'rogerando','123123','Admin'),(4,3,'joshua.lance','jlance','Staff');
/*!40000 ALTER TABLE `Accounts` ENABLE KEYS */;
UNLOCK TABLES;

--
-- Table structure for table `AddCart`
--

DROP TABLE IF EXISTS `AddCart`;
/*!40101 SET @saved_cs_client     = @@character_set_client */;
/*!50503 SET character_set_client = utf8mb4 */;
CREATE TABLE `AddCart` (
  `cartID` int(11) NOT NULL AUTO_INCREMENT,
  `studentID` varchar(255) DEFAULT NULL,
  `instructorID` varchar(255) DEFAULT NULL,
  `accountID` int(11) DEFAULT NULL,
  `partID` int(11) DEFAULT NULL,
  `quantity` int(11) DEFAULT NULL,
  `orderdate` date DEFAULT NULL,
  `ordertime` time DEFAULT NULL,
  `status_` varchar(255) DEFAULT NULL,
  PRIMARY KEY (`cartID`),
  KEY `AddCart_ibfk_1` (`studentID`),
  KEY `AddCart_ibfk_2` (`instructorID`),
  KEY `AddCart_ibfk_3` (`accountID`),
  KEY `AddCart_ibfk_4_idx` (`partID`),
  CONSTRAINT `AddCart_ibfk_4` FOREIGN KEY (`partID`) REFERENCES `Part` (`partID`) ON DELETE CASCADE ON UPDATE CASCADE,
  CONSTRAINT `AddCart_ibfk_1` FOREIGN KEY (`studentID`) REFERENCES `Student` (`studentID`) ON DELETE CASCADE ON UPDATE CASCADE,
  CONSTRAINT `AddCart_ibfk_2` FOREIGN KEY (`instructorID`) REFERENCES `Instructor` (`instructorID`) ON DELETE CASCADE ON UPDATE CASCADE,
  CONSTRAINT `AddCart_ibfk_3` FOREIGN KEY (`accountID`) REFERENCES `Accounts` (`accountID`) ON DELETE CASCADE ON UPDATE CASCADE
) ENGINE=InnoDB AUTO_INCREMENT=172 DEFAULT CHARSET=latin1;
/*!40101 SET character_set_client = @saved_cs_client */;

--
-- Dumping data for table `AddCart`
--

LOCK TABLES `AddCart` WRITE;
/*!40000 ALTER TABLE `AddCart` DISABLE KEYS */;
/*!40000 ALTER TABLE `AddCart` ENABLE KEYS */;
UNLOCK TABLES;

--
-- Table structure for table `Course`
--

DROP TABLE IF EXISTS `Course`;
/*!40101 SET @saved_cs_client     = @@character_set_client */;
/*!50503 SET character_set_client = utf8mb4 */;
CREATE TABLE `Course` (
  `courseID` varchar(255) NOT NULL DEFAULT '',
  `coursename` varchar(255) DEFAULT NULL,
  PRIMARY KEY (`courseID`)
) ENGINE=InnoDB DEFAULT CHARSET=latin1;
/*!40101 SET character_set_client = @saved_cs_client */;

--
-- Dumping data for table `Course`
--

LOCK TABLES `Course` WRITE;
/*!40000 ALTER TABLE `Course` DISABLE KEYS */;
INSERT INTO `Course` VALUES ('CPE333','Basic Occupational Safety and Health'),('CPE461','Embedded Systems'),('CPE462','CPE Practice and Design 2'),('CPE465','Digital Signal Processing'),('CPECC481','CPE Comprehensive Evaluation Course 1'),('CPEPE463/SD','Software Development 3');
/*!40000 ALTER TABLE `Course` ENABLE KEYS */;
UNLOCK TABLES;

--
-- Table structure for table `CourseTime`
--

DROP TABLE IF EXISTS `CourseTime`;
/*!40101 SET @saved_cs_client     = @@character_set_client */;
/*!50503 SET character_set_client = utf8mb4 */;
CREATE TABLE `CourseTime` (
  `coursetimeID` int(11) NOT NULL AUTO_INCREMENT,
  `courseID` varchar(45) DEFAULT NULL,
  `instructorID` varchar(45) DEFAULT NULL,
  `startTime` time DEFAULT NULL,
  `endTime` time DEFAULT NULL,
  `section` varchar(45) DEFAULT NULL,
  PRIMARY KEY (`coursetimeID`),
  KEY `courseID_idx` (`courseID`),
  KEY `instructorID_idx` (`instructorID`),
  CONSTRAINT `courseID` FOREIGN KEY (`courseID`) REFERENCES `Course` (`courseID`) ON DELETE CASCADE ON UPDATE CASCADE,
  CONSTRAINT `instructorID` FOREIGN KEY (`instructorID`) REFERENCES `Instructor` (`instructorID`) ON DELETE CASCADE ON UPDATE CASCADE
) ENGINE=InnoDB AUTO_INCREMENT=49 DEFAULT CHARSET=latin1;
/*!40101 SET character_set_client = @saved_cs_client */;

--
-- Dumping data for table `CourseTime`
--

LOCK TABLES `CourseTime` WRITE;
/*!40000 ALTER TABLE `CourseTime` DISABLE KEYS */;
INSERT INTO `CourseTime` VALUES (31,'CPE461','11-3421-512','08:00:00','15:00:00','H1'),(36,'CPE462','66-4123-266','09:00:00','15:00:00','H1'),(37,'CPE461','12-1151-233','23:00:00','23:30:00','H2'),(38,'CPE333','61-6542-112','08:30:00','12:00:00','H1'),(40,'CPE333','11-3421-512','10:00:00','23:59:00','H2'),(41,'CPE461','12-1151-233','15:20:00','18:00:00','H3'),(42,'CPE461','66-4123-266','15:10:00','16:10:00','H5'),(43,'CPE461','11-3421-512','14:00:00','17:00:00','H6'),(44,'CPE461','66-4123-266','15:10:00','18:10:00','H7'),(45,'CPE333','45-1123-112','00:00:00','08:00:00','H7'),(46,'CPE333','45-1123-112','08:00:00','12:00:00','H8'),(47,'CPE333','11-3421-512','15:02:00','17:01:00','H9'),(48,'CPE333','11-3421-512','17:02:00','19:10:00','H10');
/*!40000 ALTER TABLE `CourseTime` ENABLE KEYS */;
UNLOCK TABLES;

--
-- Table structure for table `Instructor`
--

DROP TABLE IF EXISTS `Instructor`;
/*!40101 SET @saved_cs_client     = @@character_set_client */;
/*!50503 SET character_set_client = utf8mb4 */;
CREATE TABLE `Instructor` (
  `instructorID` varchar(255) NOT NULL DEFAULT '',
  `personID` int(11) DEFAULT NULL,
  PRIMARY KEY (`instructorID`),
  KEY `Instructor_ibfk_1` (`personID`),
  CONSTRAINT `Instructor_ibfk_1` FOREIGN KEY (`personID`) REFERENCES `Person` (`personID`) ON DELETE CASCADE ON UPDATE CASCADE
) ENGINE=InnoDB DEFAULT CHARSET=latin1;
/*!40101 SET character_set_client = @saved_cs_client */;

--
-- Dumping data for table `Instructor`
--

LOCK TABLES `Instructor` WRITE;
/*!40000 ALTER TABLE `Instructor` DISABLE KEYS */;
INSERT INTO `Instructor` VALUES ('11-3421-512',5),('45-1123-112',6),('12-1151-233',7),('61-6542-112',8),('66-4123-266',9);
/*!40000 ALTER TABLE `Instructor` ENABLE KEYS */;
UNLOCK TABLES;

--
-- Table structure for table `Part`
--

DROP TABLE IF EXISTS `Part`;
/*!40101 SET @saved_cs_client     = @@character_set_client */;
/*!50503 SET character_set_client = utf8mb4 */;
CREATE TABLE `Part` (
  `productID` int(11) DEFAULT NULL,
  `partID` int(11) NOT NULL AUTO_INCREMENT,
  `partname` varchar(255) DEFAULT NULL,
  `partdescription` varchar(255) DEFAULT NULL,
  `quantity` int(11) DEFAULT NULL,
  `condition` varchar(255) NOT NULL,
  PRIMARY KEY (`partID`),
  KEY `Part_ibfk_1` (`productID`),
  CONSTRAINT `Part_ibfk_1` FOREIGN KEY (`productID`) REFERENCES `Product` (`productID`) ON DELETE CASCADE ON UPDATE CASCADE
) ENGINE=InnoDB AUTO_INCREMENT=219 DEFAULT CHARSET=latin1;
/*!40101 SET character_set_client = @saved_cs_client */;

--
-- Dumping data for table `Part`
--

LOCK TABLES `Part` WRITE;
/*!40000 ALTER TABLE `Part` DISABLE KEYS */;
INSERT INTO `Part` VALUES (0,1,'7401','QUADRAPLE 2-INPUT POSITIVE NAND GATES WITH OPEN COLLECTOR OUTPUTS',70,'Good'),(0,2,'7402','QUAD 2-INPUT NOR GATESS',34,'Good'),(0,3,'7403','QUAD 2-INPUT NAND GATES WITH OPEN COLLECTOR OUPUTS',73,''),(0,4,'7404','HEX INVERTER NOT GATES',52,''),(0,5,'7406','HEX INVERTER BUFFERS/DRIVERS WITH OPEN-COLLECTOR HIGH-VOLTAGE OUTPUTS',10,''),(0,6,'7408','QUAD 2-INPUT AND GATES',70,''),(0,7,'7410','TRIPLE 3-INPUT NAND GATES',70,''),(0,8,'7414','HEX INVERTERS WITH SCHMITT TRIGGER',17,''),(0,9,'7420','DUAL 4-INPUT NAND GATES',50,'Missing'),(0,10,'7432','QUAD 2-INPUT OR GATES',40,''),(0,11,'7442','BCD/DECIMAL DECODERS',70,'Good'),(0,12,'7447','BCD TO 7-SEGMENT DECODER/DRIVER (LOW=ON)',61,''),(0,13,'7448','BCD TO 7-SEGMENT DECODER/DRIVER',57,''),(0,14,'7474','DUAL POSITIVE-EDGE-TRIGGERED D FLIP-FLOPS WITH PRESET, CLEAR AND COMPLEMENTARY OUTPUTS',67,''),(0,15,'7475','4-BIT BISTABLE LATCHES',77,''),(0,16,'7476','DUAL JK LEVEL-TRIGGERED FLIP-FLOP (WITH PRESET AND PRECLEAR)',47,''),(0,17,'7483','4-BIT BINARY ADDRESS WITH FAST CARRY',49,''),(0,18,'7485','4-BIT MAGNITUDE COMPARATORS',97,''),(0,19,'7486','QUAD 2-INPUT EXCLUSIVE-OR GATES',28,''),(0,20,'7490','DECADE AND BINARY COUNTERS',111,''),(0,21,'7492','DIVIDE-BY-TWELVE AND BINARY COUNTERS',96,''),(0,22,'7493','DECADE AND BINARY COUNTERS',66,''),(0,23,'7495','4-BIT SHIFT REGISTER',77,''),(0,24,'74122','RETRIGGERABLE ONE-SHOT WITH CLEAR AND COMPLEMENTARY OUTPUTS',47,''),(0,25,'74125','QUAD TRI-STATE BUFFERS',30,''),(0,26,'74126','QUAD TRI-STATE BUFFERS',22,''),(0,27,'74138','DECODERS/DEMULTIPLEXERS',87,''),(0,28,'74139','DECODERS/DEMULTIPLEXERS',54,''),(0,29,'74147','10-LINE TO 4-LINE AND 8-LINE TO 3-LINE PRIORITY ENCODERS',59,''),(0,30,'74151','DATA SELECTOR/MULTIPLEXERS',70,''),(0,31,'74153','DUAL 4-LINE TO 1-LINE DATA SELECTOR/MULTIPLEXER',69,''),(0,32,'74154','4-LINE TO 16-LINE DECODERS/DEMULTIPLEXERS',73,''),(0,33,'74155','DUAL 2-LINE TO 4-LINE DECODERS/DEMULTIPLEXERS',72,''),(0,34,'74157','QUAD 2-LINE TO 1-LINE DATA SELECTORS/MULTIPLEXERS',71,''),(0,35,'74158','QUAD 2-LINE TO 1-LINE DATA SELECTORS/MULTIPLEXERS',63,''),(0,36,'74164','8-BIT SERIAL IN/PARALLEL OUT SHIFT REGISTERS',57,''),(0,37,'74174','HEX/QUAD D FLIP-FLOP WITH CLEAR',29,''),(0,38,'74175','HEX/QUAD D FLIP-FLOP WITH CLEAR',17,''),(0,39,'74191','SYNCHRONOUS 4-BIT UP/DOWN COUNTERS WITH MODE CONTROL',70,''),(0,40,'74192','SYNCHRONOUS 4-BIT UP/DOWN COUNTERS (DUAL CLOCK WITH CLEAR)',36,''),(0,41,'74193','SYNCHRONOUS 4-BIT UP/DOWN COUNTERS WITH DUAL CLOCK WITH CLEAR',100,''),(0,42,'74194','4-BIT BIDIRECTIONAL UNIVERSAL SHIFT REGISTER',16,''),(0,43,'74221','DUAL NON-RETRIGGERABLE ONE-SHOT WITH CLEAR AND COMPLIMENTARY OUTPUTS/SCHMITT TRIGGER',22,''),(0,44,'74240','OCTAL TRI-STATE BUFFERS / LINE DRIVERS / LINE RECEIVERS',-6,''),(0,45,'74241','12 AND 14-BIT HYBRID SYNCHRO/RESOLVER-TO-DIGITAL',42,''),(0,46,'74242','QUADRAPLE BUS TRANSCEIVERS',-1,''),(0,47,'74243','QUADRAPLE BUS TRANSCEIVERS',4,''),(0,48,'74244','OCTAL TRI-STATE BUFFERS / LINE DRIVERS / LINE RECEIVERS',24,''),(0,49,'74245','3-STATE OCTAL BUS TRANSCEIVER',41,''),(0,50,'74259','8-BIT ADDRESSABLE LATCHES',30,''),(0,51,'74279','QUAD S-R LATCHES',23,''),(0,52,'74367','HEX BUS DRIVERS WITH 3-STATE OUTPUTS',-4,''),(0,53,'74373','3 STATE OCTAL D-TYPE TRANSPARENT LATCHES AND DEGE TRIGGERED FLIPFLOPS',77,''),(0,54,'74375','4-BIT LATCHES',2,''),(0,55,'74472','SHIELDED SURFACE MOUNT INDUCTORS',-8,''),(0,56,'74595','STMicroelectronics 8-BIT SHIFT REGISTER WITH OUTPUT LATCHES 3 STATE',3,''),(0,57,'MAX3232','3V OT 5.5V MULTICHANNEL RS-232 LINE DRIVER/RECEIVER WITH ±15kV ESD PROTECTION',-8,''),(0,58,'MAX232N','DUAL ELA-232 DRIVERS/RECIEVERS',8,''),(0,59,'TC4001(CMOS)','QUAD 2 INPUT NOR  GATE',38,''),(0,60,'555 TIMER','TIMING CIRCUIT',64,''),(0,61,'ULN2003','HIGH VOLTAGE, HIGH CURRENT DARLINGTON ARRAYS',43,''),(0,62,'MOC3041','OPTICALLY COUPLED BILATERAL SWITCH LIGHT ACTIVATED',25,''),(1,63,'SCR (S4006LS3)','SENSITIVE SCRs (0.8A TO 10 A)',66,''),(1,64,'TRAIC (Q4004L4)','TRIACS (0.8A TO 35A)',34,''),(1,65,'SCR (S4003LS3)','SCRs 1-70 AMPS SENSITIVE GATE',7,''),(1,66,'SCR(2N506)','SCRs (SILICON CONTROLLED RECTIFIERS)',23,''),(1,67,'C9012','EPITAXIAL PLANAR PNP TRANSISTOR (GENERAL PURPOSE SWITCHING)',51,''),(1,68,'PN100/C9013','NPN GENERAL PURPOSE AMPLIFIER',32,''),(1,69,'PN200','PNP GENERAL PURPOSE AMPLIFIER',118,''),(1,70,'TIP31','POWER TRANSISTORS(3A,40-100V,40W),SILICON POWER TRANSISTORS',28,''),(2,71,'FUSE 0.5A(S)','FUSE',23,''),(2,72,'FUSE 15A(L)','FUSE',10,''),(2,73,'FUSE 0.5A(L)','FUSE',29,''),(2,74,'17812P','REGULATOR, POSTIVE',8,''),(3,75,'LF353','JFET INPUT OPERATIONAL AMPLIFIER',9,''),(3,76,'LM324','QUADRUPLE OPERATIONAL AMPLIFIERS',8,''),(3,77,'L293NEE4','QUADRAPLE HALF-H DRIVERS',33,''),(3,78,'LM741','SINGLE OPERATIONAL AMPLIFIER',20,''),(3,79,'LM339','QUAD SINGLE SUPPLY COMPARATORS',16,''),(4,80,'PC17T1','GALLIUM ARSENIDE INFRARED EMITTING - PHOTOCOUPLER',0,'Missing'),(4,81,'PC817','PHOTOCOUPLER',0,''),(5,82,'LDR','LIGHT DEPENDENT RESISTOR',27,''),(5,83,'PHOTOTRANSISTOR','PHOTOTRANSISTOR',6,''),(5,84,'INFRARED','INFRARED',0,''),(5,85,'PHOTODIODE ON SENSOR 2 PINS','SENSOR',20,''),(5,86,'MIC','ACOUSTIC-TO-ELECTRIC TRANSDUCER OR SENSOR',4,''),(5,87,'PHOTODIODE','PHOTODETECTOR',187,''),(5,88,'THERMISTOR','THERMISTOR DSB',0,''),(5,89,'THERMISTOR','THERMISTOR EIBI',0,''),(5,90,'LM35DZ','No description',25,''),(6,91,'LM7905','3-TERMINAL 1A NEGATIVE VOLTAGE REGULATOR',0,''),(6,92,'LM320','SERIES 3-TERMINAL NEGATIVE REGULAR',6,''),(6,93,'LM317T','VARIABLE VOLTAGE REGULATOR',16,''),(6,94,'AN7805','3-PIN POSITIVE OUTPUT VOLTAGE REGULATOR',17,''),(7,95,'LED (RED)','LIGHT EMITTING DIODE',5,''),(7,96,'LED (ORANGE)','LIGHT EMITTING DIODE',36,''),(7,97,'LED (YELLOW)','LIGHT EMITTING DIODE',19,''),(7,98,'LED (GREEN)','LIGHT EMITTING DIODE',65,''),(7,99,'LED (WHITE) (DUAL OUTPUT RED AND YELLOW)','LIGHT EMITTING DIODE',48,''),(8,100,'DAC0830LCN','DOUBLE-BUFFERED D TO A CONVERTERS',9,''),(8,101,'ADC0804','8-BIT MICROPROCESSOR-COMPATIBLE A/D. CONVERTERS',3,''),(8,102,'LM331','PRECESION VOLTAGE-TO-FREQUENCY CONVERTERS',5,''),(9,103,'GT32 DIAC','DIAC (TRIGGER DIODE) 32V 2A 150mW',53,''),(9,104,'Zener IN4733','No description',9,''),(9,105,'ZENER 1/2 W, 6.2V','No description',6,''),(9,106,'ZENER 1/2 W, 6V','No description',1,''),(9,107,'SILICON DIODE','No description',0,'Missing'),(9,108,'GERMANIUM DIODE','GERMANIUM DIODE',80,''),(10,109,'7 SEGMENT','7 SEGMENT COMMON CATHODE (SINGLE) (SMALL)',31,''),(10,110,'7 SEGMENT','7 SEGMENT COMMON ANODE (SINGLE) (SMALL)',35,''),(10,111,'16 SEGMENT','16 SEGMENT COMMON CATHODE (SINGLE)',14,''),(10,112,'16 SEGMENT','16 SEGMENT COMMON CATHODE (DUAL)',33,''),(10,113,'7 SEGMENT','COMMON CATHODE (DUAL) (SMALL)',15,''),(11,114,'RELAY 12V','CHANGE-OVER RELAY 12V',1,''),(11,115,'RELAY 6V','CHANGE-OVER RELAY 12V',84,''),(12,116,'TACK SWITCH','TACK SWITCH',45,''),(12,117,'MAGNETIC REED SWITCH','MAGNETIC REED SWITCH',16,''),(12,118,'WIRE WOUND 5W, 5J, 5OHMS','WIRE WOUND 5W 5J 5 OHMS',26,''),(12,119,'OPTICAL INTERRUPTER','PHOTOTRANSISTOR OPTICAL INTERRUPTER SWITCH',26,''),(12,120,'SLIDE SWITCH','SLIDE SWITCH',4,''),(12,121,'LIMIT SWITCH','LIMIT SWITCH',136,''),(12,122,'DIP SWITCH','DIP SWITCH',29,''),(13,123,'PIC16F877','PIC MICROCONTROLLER',5,''),(14,124,'TRIMMER 100K OHMS','TRIMMER',0,''),(14,125,'TRIMMER 10K OHMS','TRIMMER',0,''),(15,126,'500K OHM','POTENTIOMETER',47,'Usable'),(15,127,'250K OHM','POTENTIOMETER',46,'Usable'),(15,128,'100K OHM','POTENTIOMETER',21,'Usable'),(15,129,'10K OHM','POTENTIOMETER',2,'Usable'),(15,130,'5K OHM','POTENTIOMETER',14,'Usable'),(16,131,'10 OHM','METAL FILM RESISTOR',129,''),(16,132,'100 OHM','METAL FILM RESISTOR',107,''),(16,133,'150 OHM','METAL FILM RESISTOR',301,''),(16,134,'1K OHM','METAL FILM RESISTOR',66,''),(16,135,'1.5K OHM','METAL FILM RESISTOR',240,''),(16,136,'1.8K OHM','METAL FILM RESISTOR',95,''),(16,137,'10K OHM','METAL FILM RESISTOR',38,''),(16,138,'100K OHM','METAL FILM RESISTOR',106,''),(16,139,'200 OHM','METAL FILM RESISTOR',71,''),(16,140,'220 OHM','METAL FILM RESISTOR',46,''),(16,141,'2K OHM','METAL FILM RESISTOR',128,''),(16,142,'2.2K OHM','METAL FILM RESISTOR',171,''),(16,143,'20K OHM','METAL FILM RESISTOR',94,''),(16,144,'22K OHM','METAL FILM RESISTOR',112,''),(16,145,'220K OHM','METAL FILM RESISTOR',84,''),(16,146,'330 OHM','METAL FILM RESISTOR',105,''),(16,147,'3.3K OHM','METAL FILM RESISTOR',92,''),(16,148,'33K OHM','METAL FILM RESISTOR',193,''),(16,149,'330K OHM','METAL FILM RESISTOR',143,''),(16,150,'390K OHM','METAL FILM RESISTOR',53,''),(16,151,'4.7 OHM','METAL FILM RESISTOR',0,''),(16,152,'470 OHM','METAL FILM RESISTOR',152,''),(16,153,'4.7K OHM','METAL FILM RESISTOR',97,''),(16,154,'47K OHM','METAL FILM RESISTOR',53,''),(16,155,'470K OHM','METAL FILM RESISTOR',164,''),(16,156,'50 OHM','METAL FILM RESISTOR',194,''),(16,157,'500 OHM','METAL FILM RESISTOR',90,''),(16,158,'560 OHM','METAL FILM RESISTOR',148,''),(16,159,'560K OHM','METAL FILM RESISTOR',84,''),(16,160,'5K OHM','METAL FILM RESISTOR',119,''),(16,161,'1M OHM','METAL FILM RESISTOR',84,''),(16,162,'12 OHM','METAL FILM RESISTOR',10,''),(16,163,'1.3K OHM','METAL FILM RESISTOR',8,''),(17,164,'STEPPER MOTOR','STEPPER MOTOR',131,''),(18,165,'BUlB','BULB',2,''),(18,166,'BATTERY','AA ENERGIZER',0,''),(18,167,'BATTERY','9VOLTS',0,''),(18,168,'BATTERY','AAA ENERGIZER',0,''),(19,169,'103','0.015µF MYLAR CAPACITOR',22,''),(19,170,'203','0.02µF MYLAR CAPACITOR',73,''),(19,171,'503','0.05µF MYLAR CAPACITOR',135,''),(19,172,'104','0.1µF MYLAR CAPACITOR',151,''),(19,173,'224','0.220µF MYLAR CAPACITOR',95,''),(19,174,'204','0.2µF MYLAR CAPACITOR',15,''),(19,175,'504','0.5µF MYLAR CAPACITOR',87,''),(20,176,'0.001','1µF CERAMIC CAPACITOR',25,''),(20,177,'0.005','5µF CERAMIC CAPACITOR',31,''),(20,178,'0.055','50µF CERAMIC CAPACITOR',45,''),(20,179,'100','10µF CERAMIC CAPACITOR',13,''),(20,180,'101','100µF CERAMIC CAPACITOR',45,''),(20,181,'102','0.001µF CERAMIC CAPACITOR',12,''),(20,182,'103','0.01µF CERAMIC CAPACITOR',48,''),(20,183,'104','0.1µF CERAMICI CAPACITOR',12,''),(20,184,'150','15pF CERAMIC CAPACITOR',7,''),(20,185,'151','150pF CERAMIC CAPACITOR',43,''),(20,186,'500','50pF CERAMIC CAPACITOR',14,''),(20,187,'501','50pF CERAMIC CAPACITOR',9,''),(21,188,'0.1uF','50V',19,''),(21,189,'1000uF','No description',14,''),(21,190,'100uF','No description',42,''),(21,191,'10uF','16V, 25V, 50V, 12V, 10V, 35V',107,''),(21,192,'1500uF','No description',47,''),(21,193,'1uF','10V,12V,35V,25V',98,''),(21,194,'1uF','50V, 16V',138,''),(21,195,'2.2uF','No description',147,''),(21,196,'220uF','220V, 10V',11,''),(21,197,'22uF','16V,10V,25V',48,''),(21,198,'3.3uF','No description',35,''),(21,199,'3.3uF','50V,12V,25V,16V,10V,35V',45,''),(21,200,'330uF','No description',0,''),(21,201,'330uF','10V',1,''),(21,202,'33uF','16V,12V,6.3V,50V,10V',70,''),(21,203,'4.7uF','10V,12V,25V,16V',49,''),(21,204,'470uF','16V,10V',15,''),(21,205,'47uF','10V,12V,16V,50V',49,''),(21,206,'2200uF','No description',47,''),(0,207,'7400','QUAD 2-INPUT AND GATES',75,''),(0,209,'sample2','sample2',1,''),(0,212,'sample6','sample6',-7,'1'),(0,213,'sample7','sample7',-7,'1');
/*!40000 ALTER TABLE `Part` ENABLE KEYS */;
UNLOCK TABLES;

--
-- Table structure for table `Person`
--

DROP TABLE IF EXISTS `Person`;
/*!40101 SET @saved_cs_client     = @@character_set_client */;
/*!50503 SET character_set_client = utf8mb4 */;
CREATE TABLE `Person` (
  `personID` int(11) NOT NULL AUTO_INCREMENT,
  `firstname` varchar(255) DEFAULT NULL,
  `middleinitial` varchar(255) DEFAULT NULL,
  `lastname` varchar(255) DEFAULT NULL,
  PRIMARY KEY (`personID`)
) ENGINE=InnoDB AUTO_INCREMENT=108 DEFAULT CHARSET=latin1;
/*!40101 SET character_set_client = @saved_cs_client */;

--
-- Dumping data for table `Person`
--

LOCK TABLES `Person` WRITE;
/*!40000 ALTER TABLE `Person` DISABLE KEYS */;
INSERT INTO `Person` VALUES (1,'Roger','R','Ando'),(2,'Jeannelyn','C','Obero'),(3,'Keneth Klein','Y','Bardilass'),(4,'Joshua','L','Llopes'),(5,'Johnalyn','','Figueras'),(6,'Jundith','D','Alterado'),(7,'Stephanie Grace','F','Villarubia'),(8,'Julian','N','Semblante'),(9,'Mervin','A','Tampus'),(104,'Test','C','Test'),(105,'Test1','A','Test1'),(106,'Test2','','Test2'),(107,'Test3','B','Test3');
/*!40000 ALTER TABLE `Person` ENABLE KEYS */;
UNLOCK TABLES;

--
-- Table structure for table `Product`
--

DROP TABLE IF EXISTS `Product`;
/*!40101 SET @saved_cs_client     = @@character_set_client */;
/*!50503 SET character_set_client = utf8mb4 */;
CREATE TABLE `Product` (
  `productID` int(11) NOT NULL AUTO_INCREMENT,
  `productname` varchar(255) DEFAULT NULL,
  PRIMARY KEY (`productID`)
) ENGINE=InnoDB AUTO_INCREMENT=24 DEFAULT CHARSET=latin1;
/*!40101 SET character_set_client = @saved_cs_client */;

--
-- Dumping data for table `Product`
--

LOCK TABLES `Product` WRITE;
/*!40000 ALTER TABLE `Product` DISABLE KEYS */;
INSERT INTO `Product` VALUES (0,'IC'),(1,'TRANSISTORS'),(2,'FUSE'),(3,'OPERATION AMPLIFIERS'),(4,'OPTOCOUPLERS'),(5,'SENSORS'),(6,'VOLTAGE REGULATORS'),(7,'LED'),(8,'VOLTAGE CONVERTERS'),(9,'DIODES'),(10,'7-SEGMENT DISPLAY'),(11,'RELAY SWITCH'),(12,'SWITCHES'),(13,'MICROCONTROLLERS'),(14,'VARIABLE RESISTORS'),(15,'VARIABLE RESISTOR ( POTENTIOMETER)'),(16,'RESISTORS'),(17,'MOTORS'),(18,'OTHER CONSUMABLES'),(19,'CAPACITOR MYLAR'),(20,'CAPACITOR CERAMIC'),(21,'CAPACITOR ELECTROLYTIC');
/*!40000 ALTER TABLE `Product` ENABLE KEYS */;
UNLOCK TABLES;

--
-- Table structure for table `Student`
--

DROP TABLE IF EXISTS `Student`;
/*!40101 SET @saved_cs_client     = @@character_set_client */;
/*!50503 SET character_set_client = utf8mb4 */;
CREATE TABLE `Student` (
  `personID` int(11) DEFAULT NULL,
  `studentID` varchar(255) NOT NULL DEFAULT '',
  `program` varchar(255) DEFAULT NULL,
  `yearlevel` int(11) DEFAULT NULL,
  PRIMARY KEY (`studentID`),
  KEY `Student_ibfk_1` (`personID`),
  CONSTRAINT `Student_ibfk_1` FOREIGN KEY (`personID`) REFERENCES `Person` (`personID`) ON DELETE CASCADE ON UPDATE CASCADE
) ENGINE=InnoDB DEFAULT CHARSET=latin1;
/*!40101 SET character_set_client = @saved_cs_client */;

--
-- Dumping data for table `Student`
--

LOCK TABLES `Student` WRITE;
/*!40000 ALTER TABLE `Student` DISABLE KEYS */;
INSERT INTO `Student` VALUES (105,'11-5231-661','BSCPE',2),(107,'12-1114-612','BSCPE',4),(104,'18-1123-512','BSCPE',4),(106,'66-1231-522','BSCPE',3);
/*!40000 ALTER TABLE `Student` ENABLE KEYS */;
UNLOCK TABLES;

--
-- Table structure for table `TransactionLogs`
--

DROP TABLE IF EXISTS `TransactionLogs`;
/*!40101 SET @saved_cs_client     = @@character_set_client */;
/*!50503 SET character_set_client = utf8mb4 */;
CREATE TABLE `TransactionLogs` (
  `transactionlogID` int(11) NOT NULL AUTO_INCREMENT,
  `transactionID` int(11) DEFAULT NULL,
  `returndate` date DEFAULT NULL,
  `returntime` time DEFAULT NULL,
  `notes` varchar(255) DEFAULT NULL,
  PRIMARY KEY (`transactionlogID`),
  KEY `TransactionLogs_ibfk_1` (`transactionID`),
  CONSTRAINT `TransactionLogs_ibfk_1` FOREIGN KEY (`transactionID`) REFERENCES `Transactions` (`transactionID`) ON DELETE CASCADE ON UPDATE CASCADE
) ENGINE=InnoDB AUTO_INCREMENT=44 DEFAULT CHARSET=latin1;
/*!40101 SET character_set_client = @saved_cs_client */;

--
-- Dumping data for table `TransactionLogs`
--

LOCK TABLES `TransactionLogs` WRITE;
/*!40000 ALTER TABLE `TransactionLogs` DISABLE KEYS */;
INSERT INTO `TransactionLogs` VALUES (43,165,'2024-05-09','09:02:57','No Notes Added');
/*!40000 ALTER TABLE `TransactionLogs` ENABLE KEYS */;
UNLOCK TABLES;

--
-- Table structure for table `Transactions`
--

DROP TABLE IF EXISTS `Transactions`;
/*!40101 SET @saved_cs_client     = @@character_set_client */;
/*!50503 SET character_set_client = utf8mb4 */;
CREATE TABLE `Transactions` (
  `transactionID` int(11) NOT NULL AUTO_INCREMENT,
  `studentID` varchar(255) DEFAULT NULL,
  `instructorID` varchar(255) DEFAULT NULL,
  `accountID` int(11) DEFAULT NULL,
  `partID` int(11) DEFAULT NULL,
  `quantity` int(11) DEFAULT NULL,
  `orderdate` date DEFAULT NULL,
  `ordertime` time DEFAULT NULL,
  `status_` varchar(255) DEFAULT NULL,
  PRIMARY KEY (`transactionID`),
  KEY `Transactions_ibfk_1` (`studentID`),
  KEY `Transactions_ibfk_2` (`instructorID`),
  KEY `Transactions_ibfk_3` (`accountID`),
  KEY `Transactions_ibfk_4_idx` (`partID`),
  CONSTRAINT `Transactions_ibfk_4` FOREIGN KEY (`partID`) REFERENCES `Part` (`partID`) ON DELETE CASCADE ON UPDATE CASCADE,
  CONSTRAINT `Transactions_ibfk_1` FOREIGN KEY (`studentID`) REFERENCES `Student` (`studentID`) ON DELETE CASCADE ON UPDATE CASCADE,
  CONSTRAINT `Transactions_ibfk_2` FOREIGN KEY (`instructorID`) REFERENCES `Instructor` (`instructorID`) ON DELETE CASCADE ON UPDATE CASCADE,
  CONSTRAINT `Transactions_ibfk_3` FOREIGN KEY (`accountID`) REFERENCES `Accounts` (`accountID`) ON DELETE CASCADE ON UPDATE CASCADE
) ENGINE=InnoDB AUTO_INCREMENT=166 DEFAULT CHARSET=latin1;
/*!40101 SET character_set_client = @saved_cs_client */;

--
-- Dumping data for table `Transactions`
--

LOCK TABLES `Transactions` WRITE;
/*!40000 ALTER TABLE `Transactions` DISABLE KEYS */;
INSERT INTO `Transactions` VALUES (165,'18-1123-512','11-3421-512',3,75,3,'2024-05-09','09:01:17','Returned');
/*!40000 ALTER TABLE `Transactions` ENABLE KEYS */;
UNLOCK TABLES;
/*!40103 SET TIME_ZONE=@OLD_TIME_ZONE */;

/*!40101 SET SQL_MODE=@OLD_SQL_MODE */;
/*!40014 SET FOREIGN_KEY_CHECKS=@OLD_FOREIGN_KEY_CHECKS */;
/*!40014 SET UNIQUE_CHECKS=@OLD_UNIQUE_CHECKS */;
/*!40101 SET CHARACTER_SET_CLIENT=@OLD_CHARACTER_SET_CLIENT */;
/*!40101 SET CHARACTER_SET_RESULTS=@OLD_CHARACTER_SET_RESULTS */;
/*!40101 SET COLLATION_CONNECTION=@OLD_COLLATION_CONNECTION */;
/*!40111 SET SQL_NOTES=@OLD_SQL_NOTES */;

-- Dump completed on 2024-05-10 12:30:20
